,index,id,tweet_var,bot,500<var<750
0,0,98888058,414.8010204081632,1,0
1,1,105270069,768.8349732302202,1,0
2,2,71756159,0.0,1,0
3,3,55081715,0.0,1,0
4,4,69490847,0.0,1,0
5,5,67602604,0.0,1,0
6,6,60111320,1202.9180253227546,1,0
7,7,102834433,411.7614362549428,1,0
8,8,94111019,413.89754390065735,1,0
9,9,93906216,258.1448899408284,1,0
10,10,53873807,0.0,1,0
11,11,64148519,0.0,1,0
12,12,64636395,0.0,1,0
13,13,104912634,340.4365360469256,1,0
14,14,65574379,0.0,1,0
15,15,67848632,0.0,1,0
16,16,100024367,464.59186215662737,1,0
17,17,103022052,504.21170068027214,1,1
18,18,23832142,131.32310622007654,1,0
19,19,60712050,892.6642051902243,1,0
20,20,103933843,514.6726066851631,1,1
21,21,68096615,0.0,1,0
22,22,69218407,0.0,1,0
23,23,74394852,0.0,1,0
24,24,14826060,210.8905110437492,1,0
25,25,74389659,0.0,1,0
26,26,69203734,0.0,1,0
27,27,68932122,0.0,1,0
28,28,90651624,331.17311097126924,1,0
29,29,20338242,206.09248022878188,1,0
30,30,75410583,0.0,1,0
31,31,106925181,380.23455782312936,1,0
32,32,102388239,483.9259721739388,1,0
33,33,10788822,944.0145200463827,1,0
34,34,104580943,1312.0373214660785,1,0
35,35,68087776,0.0,1,0
36,36,55243788,914.8456376181699,1,0
37,37,98070360,713.3551523545708,1,1
38,38,103850569,348.00313971742537,1,0
39,39,21577213,569.002132038386,1,1
40,40,72235089,0.0,1,0
41,41,102091443,956.397296945318,1,0
42,42,104733466,339.5348141146818,1,0
43,43,104520384,595.7773729200942,1,1
44,44,63579810,74.47222222222223,1,0
45,45,95665667,538.2126493025631,1,1
46,46,51878677,0.0,1,0
47,47,107241733,378.3618140589569,1,0
48,48,47799788,915.5376308149672,1,0
49,49,53652229,0.0,1,0
50,50,65332295,0.0,1,0
51,51,67609542,0.0,1,0
52,52,101953289,725.3397060529745,1,1
53,53,66086468,58.24,1,0
54,54,31228692,389.99689456194733,1,0
55,55,80737630,0.0,1,0
56,56,104957630,303.0568038028796,1,0
57,57,66208602,0.0,1,0
58,58,79057338,0.0,1,0
59,59,94445660,356.23793896155365,1,0
60,60,80525033,0.0,1,0
61,61,75142460,0.0,1,0
62,62,102425480,802.6757224489796,1,0
63,63,65968933,0.0,1,0
64,64,112429918,290.18607939458786,1,0
65,65,70888376,667.3693998309384,1,1
66,66,76530984,0.0,1,0
67,67,87539145,2341.7317943193148,1,0
68,68,59435295,8.222222222222221,1,0
69,69,67602666,0.0,1,0
70,70,49255053,262.8888888888889,1,0
71,71,103423209,563.7251850937561,1,1
72,72,113122211,1116.2644358935665,1,0
73,73,64948442,725.7283950617282,1,1
74,74,103156841,427.8412698412698,1,0
75,75,53819337,0.0,1,0
76,76,105156640,374.9242630385488,1,0
77,77,66203558,0.0,1,0
78,78,49136026,0.0,1,0
79,79,102461983,484.64424671566076,1,0
80,80,97044468,1222.5289216278227,1,0
81,81,107436496,575.142294124182,1,1
82,82,115673051,395.7978266121663,1,0
83,83,84882502,799.3091426861992,1,0
84,84,66026046,332.14305555555563,1,0
85,85,74571520,652.1677302554633,1,1
86,86,59904140,0.0,1,0
87,87,75266711,639.1183371132771,1,1
88,88,103568736,828.3413850057669,1,0
89,89,65302410,0.0,1,0
90,90,65031866,0.0,1,0
91,91,47023408,0.0,1,0
92,92,104966336,311.8564013840831,1,0
93,93,81059978,0.0,1,0
94,94,79486091,999.8585636762152,1,0
95,95,48007897,691.3704297770622,1,1
96,96,98032954,0.0,1,0
97,97,100767001,371.8859792181794,1,0
98,98,72794958,0.0,1,0
99,99,16733141,474.8340362168457,1,0
100,100,71476927,0.0,1,0
101,101,53784356,0.0,1,0
102,102,54234822,1179.1301495504026,1,0
103,103,55342654,1115.2423833349671,1,0
104,104,67271221,0.0,1,0
105,105,103592239,622.9378840236686,1,1
106,106,90211549,362.8231989077925,1,0
107,107,53780726,0.0,1,0
108,108,52857699,0.0,1,0
109,109,55148489,0.0,1,0
110,110,66288366,1032.4591836734694,1,0
111,111,73912791,660.7521935860727,1,1
112,112,102992816,491.56045351473915,1,0
113,113,50970101,1553.5555555555554,1,0
114,114,88425140,606.26652892562,1,1
115,115,109753727,769.5328105485146,1,0
116,116,69204121,0.0,1,0
117,117,47678112,104.334500664171,1,0
118,118,70979223,351.66002637568533,1,0
119,119,67845596,0.0,1,0
120,120,55221873,780.0993461584683,1,0
121,121,63074890,0.0,1,0
122,122,70852880,1051.8499630981012,1,0
123,123,80345479,213.44444444444446,1,0
124,124,65301068,0.0,1,0
125,125,49272453,44.22222222222222,1,0
126,126,83409327,466.72330597981517,1,0
127,127,55214971,783.9245405971068,1,0
128,128,52259836,605.5698300871628,1,1
129,129,105100511,1122.306973640307,1,0
130,130,103090636,662.3420447074293,1,1
131,131,104954826,376.2738263061216,1,0
132,132,52948027,0.0,1,0
133,133,106378113,430.7980052901065,1,0
134,134,69498134,0.0,1,0
135,135,69504535,0.0,1,0
136,136,53974415,0.0,1,0
137,137,28587018,260.8374655647383,1,0
138,138,55207581,595.2767581637365,1,1
139,139,105359850,338.2777777777778,1,0
140,140,90982604,702.2071754917026,1,1
141,141,75727639,0.0,1,0
142,142,101615403,326.97648888888887,1,0
143,143,83111557,744.6938775510204,1,1
144,144,64633398,0.0,1,0
145,145,62938941,183.76415349133302,1,0
146,146,64222725,564.191429497777,1,1
147,147,74625641,726.3822222222221,1,1
148,148,91659548,278.4955366519639,1,0
149,149,101859187,775.5825531680442,1,0
150,150,88879751,708.7257617728534,1,1
151,151,109246054,841.8303923900119,1,0
152,152,55194361,0.0,1,0
153,153,95328374,724.69,1,1
154,154,47015574,0.0,1,0
155,155,70071077,419.2680675602684,1,0
156,156,79731455,501.60438071800974,1,1
157,157,61710426,0.0,1,0
158,158,45497562,0.0,1,0
159,159,104357710,386.5430555555555,1,0
160,160,103845428,335.9594483811008,1,0
161,161,86545217,228.39716547662846,1,0
162,162,55116927,0.0,1,0
163,163,75402827,0.0,1,0
164,164,62463639,0.0,1,0
165,165,107798859,368.5397383217992,1,0
166,166,76540531,0.0,1,0
167,167,112616289,389.79945351903694,1,0
168,168,79361616,0.0,1,0
169,169,82404691,774.1410963996683,1,0
170,170,101874819,528.4577875227226,1,1
171,171,84562398,321.76,1,0
172,172,103010555,588.2352738544163,1,1
173,173,54265489,356.55555555555566,1,0
174,174,50815325,1587.583333333333,1,0
175,175,71222017,1177.7505473101573,1,0
176,176,74630038,1118.4755516778957,1,0
177,177,59434448,0.0,1,0
178,178,29822733,351.88316392733566,1,0
179,179,48968616,123.55555555555556,1,0
180,180,89694639,643.9588845779035,1,1
181,181,48981925,76.22222222222223,1,0
182,182,74521963,311.88269469007645,1,0
183,183,54784761,581.4311504125927,1,1
184,184,49701106,0.0,1,0
185,185,77162208,0.0,1,0
186,186,98054801,777.7896645819037,1,0
187,187,103044435,506.1754441571701,1,1
188,188,116644606,635.8262505645912,1,1
189,189,64987715,82.66666666666667,1,0
190,190,97901174,0.0,1,0
191,191,47731919,722.6666666666665,1,1
192,192,33608758,941.3642450578936,1,0
193,193,97015370,985.0796601142888,1,0
194,194,62395679,1121.6310983031103,1,0
195,195,72487115,0.0,1,0
196,196,104842190,1165.2409110879871,1,0
197,197,77670969,0.0,1,0
198,198,102988283,551.2497107686612,1,1
199,199,114340811,466.7353404074082,1,0
200,200,466131055,483.0706194258329,1,0
201,201,2272618428,406.2865405860487,1,0
202,202,467194428,494.2450669559997,1,0
203,203,2266513298,109.51093757340523,1,0
204,204,468113360,504.71338760814257,1,1
205,205,542129791,509.11414754943087,1,1
206,206,466311237,430.89518269917437,1,0
207,207,237197647,461.131010726452,1,0
208,208,467116841,479.6187669931607,1,0
209,209,465413078,431.42818025102883,1,0
210,210,466384281,482.8149363325541,1,0
211,211,466394269,476.65964264829245,1,0
212,212,542152604,507.83845975424094,1,1
213,213,466251978,437.6051151548143,1,0
214,214,466407262,442.63550282385614,1,0
215,215,542163896,441.0193061847432,1,0
216,216,177671726,365.11130713958016,1,0
217,217,539103877,494.2344291853559,1,0
218,218,468126635,477.564174185971,1,0
219,219,465379325,490.5345073202015,1,0
220,220,467128482,471.39902931684827,1,0
221,221,467077394,406.24540693728267,1,0
222,222,466265817,429.99091209817436,1,0
223,223,96435556,1343.9190836115424,1,0
224,224,468155641,462.246142760521,1,0
225,225,1276337478,233.06722029159505,1,0
226,226,575716477,467.91032753797197,1,0
227,227,466488444,519.0269361267399,1,1
228,228,562060665,465.06986380167257,1,0
229,229,467145195,487.11861992296883,1,0
230,230,465306140,565.2569434028205,1,1
231,231,465378983,479.5006087582913,1,0
232,232,1536537319,1337.7425875991942,1,0
233,233,467142582,555.2594323757254,1,1
234,234,2275884464,524.7186512703687,1,1
235,235,1273205342,442.8484094729241,1,0
236,236,434732328,433.0241583382736,1,0
237,237,1273200344,458.38011055059036,1,0
238,238,466465955,420.1806808330506,1,0
239,239,468101494,492.1157927892926,1,0
240,240,237332572,430.7273538670336,1,0
241,241,465389976,448.6701994260567,1,0
242,242,465303273,431.0135705665733,1,0
243,243,466339692,544.701808654887,1,1
244,244,466184623,472.10025576596826,1,0
245,245,2274822360,409.1400910608755,1,0
246,246,465325040,525.827130363195,1,1
247,247,466407665,487.7657962245016,1,0
248,248,466293888,430.52429535339525,1,0
249,249,466358135,460.17926287625403,1,0
250,250,1273187820,366.0208181534137,1,0
251,251,63258466,646.9431911181704,1,1
252,252,466317569,463.2593736938066,1,0
253,253,467068725,487.4380271838868,1,0
254,254,2274212730,461.8954634417462,1,0
255,255,539052577,498.13690930924207,1,0
256,256,467126378,403.0301146022477,1,0
257,257,465378609,423.37343947184286,1,0
258,258,465445130,472.8784239008014,1,0
259,259,466335221,469.5861432864907,1,0
260,260,468030602,422.55424440392784,1,0
261,261,468141676,415.74030234113707,1,0
262,262,466324791,432.7597826328067,1,0
263,263,466189857,475.1903898385427,1,0
264,264,576655867,446.4348116538592,1,0
265,265,614315066,429.256285507122,1,0
266,266,467197267,480.539677199236,1,0
267,267,466357272,404.9170173960271,1,0
268,268,557607196,397.6683259153203,1,0
269,269,327060670,620.5672535484937,1,1
270,270,466448804,530.5399129743764,1,1
271,271,466124519,435.7968779349971,1,0
272,272,467105761,477.2576254458998,1,0
273,273,776830412,269.0536727228209,1,0
274,274,465366176,428.9866600055431,1,0
275,275,467131009,379.8763761280324,1,0
276,276,468118601,443.101157767313,1,0
277,277,2287318956,377.5948325156691,1,0
278,278,538945122,483.9572953601065,1,0
279,279,434742028,443.22269184709586,1,0
280,280,465403330,427.5663703612563,1,0
281,281,465427410,458.4726372630682,1,0
282,282,468089119,466.04235108282415,1,0
283,283,466305077,500.9819473801561,1,1
284,284,466462817,501.9430683454945,1,1
285,285,538883948,473.69912011225335,1,0
286,286,2267349139,470.67643708931917,1,0
287,287,466310732,503.71403988769697,1,1
288,288,466227486,445.65706010695885,1,0
289,289,2279233926,381.74362545037405,1,0
290,290,468026770,460.54849372254097,1,0
291,291,466406088,443.9014525146997,1,0
292,292,538874527,436.29703591235,1,0
293,293,467106905,474.05489478740606,1,0
294,294,466162548,403.79776174564284,1,0
295,295,465420606,450.7877880605362,1,0
296,296,2281334370,432.6926316702896,1,0
297,297,614258591,409.2431365341426,1,0
298,298,465399558,491.38268999924185,1,0
299,299,1970829738,1124.6006465873488,1,0
300,300,467114248,445.6948918423731,1,0
301,301,466380427,524.2095951479539,1,1
302,302,467149104,432.0562289454879,1,0
303,303,418371090,445.43263361409066,1,0
304,304,1303391600,448.8536629324305,1,0
305,305,467191820,427.74488662194915,1,0
306,306,466342693,447.410299922074,1,0
307,307,466452520,465.0997988220366,1,0
308,308,538858388,416.9721356877688,1,0
309,309,538878016,466.5086792297872,1,0
310,310,466320191,454.7524804102365,1,0
311,311,465404789,435.51989104223287,1,0
312,312,466294699,476.98346472634535,1,0
313,313,466257207,434.22068474252717,1,0
314,314,570579074,499.3787275379718,1,0
315,315,466479419,493.84797550164114,1,0
316,316,466246466,455.67517701691133,1,0
317,317,538942101,528.7844474963616,1,1
318,318,467195613,439.9273226250265,1,0
319,319,1273210567,497.18446367067736,1,0
320,320,467194846,403.3499733107634,1,0
321,321,466215674,441.504096422486,1,0
322,322,467061366,507.4631116922629,1,1
323,323,465323067,441.1572982400148,1,0
324,324,466371617,498.24792005110567,1,0
325,325,1273209745,408.6624877529334,1,0
326,326,467115422,488.29727581968376,1,0
327,327,614051804,423.6477053992683,1,0
328,328,430928749,437.80997843225714,1,0
329,329,434728619,516.6429059361751,1,1
330,330,467066534,450.79799032026733,1,0
331,331,576836266,441.8700710113857,1,0
332,332,467092868,488.1860226152081,1,0
333,333,467089839,489.5435313022847,1,0
334,334,613305184,451.5216990916085,1,0
335,335,466439618,458.46864214742806,1,0
336,336,468004034,483.81707807146074,1,0
337,337,2290264806,426.02186503009534,1,0
338,338,237177357,452.95970219373635,1,0
339,339,468143141,489.32065349704015,1,0
340,340,585411607,441.923521175627,1,0
341,341,466324211,436.54163636002085,1,0
342,342,575604914,392.3398201610968,1,0
343,343,509680266,499.95621142741373,1,0
344,344,467126150,457.4608359409353,1,0
345,345,467199549,441.8201861927967,1,0
346,346,466386301,479.88819533661695,1,0
347,347,467187664,492.5763482118644,1,0
348,348,466155797,440.28376889843383,1,0
349,349,538904290,459.653325689372,1,0
350,350,2277381078,421.1031443600557,1,0
351,351,539130256,482.35591284512105,1,0
352,352,467124670,459.3411166298165,1,0
353,353,613393977,449.5519248773006,1,0
354,354,466283003,409.5976325395316,1,0
355,355,465369276,420.3615203031534,1,0
356,356,2268586645,438.9502728903106,1,0
357,357,466395997,407.69689977666167,1,0
358,358,465352631,432.26931772376406,1,0
359,359,465373317,436.43137170973716,1,0
360,360,467158666,490.0180107480777,1,0
361,361,434722849,421.77387373245887,1,0
362,362,590239962,654.6539071877148,1,1
363,363,539150535,418.5931998399223,1,0
364,364,1273211443,421.3500993009026,1,0
365,365,466298573,375.98604091627124,1,0
366,366,539208852,452.5998685453431,1,0
367,367,466484711,486.15045894639513,1,0
368,368,465392383,432.2749406561448,1,0
369,369,466432550,460.5869883513608,1,0
370,370,24858289,926.9043373484517,1,0
371,371,468059646,539.2384305047544,1,1
372,372,611525563,236.32178301957845,1,0
373,373,467139658,480.75019311441963,1,0
374,374,466460908,415.9976826508279,1,0
375,375,467123168,468.9595590847232,1,0
376,376,1273183476,429.25504601613954,1,0
377,377,466205550,455.2860699793316,1,0
378,378,467179863,492.319779651483,1,0
379,379,2268598591,465.84193533206803,1,0
380,380,237178034,443.7764027123733,1,0
381,381,2276246472,444.3968813915829,1,0
382,382,466161043,466.98564751873266,1,0
383,383,467096232,406.3531309368897,1,0
384,384,466221249,435.52155183151086,1,0
385,385,538877096,468.6205772473338,1,0
386,386,466352701,404.66231107283164,1,0
387,387,465374176,442.78430901767194,1,0
388,388,466322512,411.8138415001571,1,0
389,389,2281337544,458.4133143054577,1,0
390,390,558474413,449.120058115184,1,0
391,391,467152720,449.3074428593268,1,0
392,392,467158124,501.6808091507801,1,1
393,393,465328572,421.46853566142073,1,0
394,394,2278869114,424.09845391438574,1,0
395,395,466124818,474.3919735603256,1,0
396,396,466401624,463.91777613673236,1,0
397,397,465343577,451.11716337053144,1,0
398,398,466314172,407.0352237292897,1,0
399,399,1273205300,431.48044624954485,1,0
400,400,2358034513,865.4506841632117,1,0
401,401,2383730832,844.8769175596475,1,0
402,402,2370448254,634.2311663869325,1,1
403,403,2385356947,919.58057014466,1,0
404,404,2348629334,723.2569593984433,1,1
405,405,2352902946,874.3771684243726,1,0
406,406,2382871867,738.8242321780783,1,1
407,407,2381447276,932.5504251239926,1,0
408,408,2368468856,1055.846211155514,1,0
409,409,2352639727,713.2739663023269,1,1
410,410,2370178446,738.0972720742781,1,1
411,411,2372542711,865.883070419723,1,0
412,412,2354200380,949.636037959576,1,0
413,413,2385916478,881.3169224552566,1,0
414,414,2362336950,666.7920851453746,1,1
415,415,2378653928,885.7802046304698,1,0
416,416,2361738901,654.3361372730071,1,1
417,417,2353113242,901.7448227982877,1,0
418,418,2384323117,718.0542714255104,1,1
419,419,2374738254,718.5451639920491,1,1
420,420,2350890235,872.0874917689683,1,0
421,421,2386578300,728.1901414742184,1,1
422,422,2352120408,804.172403244042,1,0
423,423,2376968101,711.4623730772113,1,1
424,424,2376901322,921.879647504706,1,0
425,425,2382523758,692.0668813407716,1,1
426,426,2370803990,732.4071422292735,1,1
427,427,2348486216,843.2317263544537,1,0
428,428,2358897218,854.8002355884306,1,0
429,429,2358458424,843.6802749486392,1,0
430,430,2364755130,752.9779482026386,1,0
431,431,2380910732,688.9662263442508,1,1
432,432,2358503732,805.0769923881944,1,0
433,433,2355693744,785.1133062999887,1,0
434,434,2364640434,635.0895779614325,1,1
435,435,2386739322,667.6919951901588,1,1
436,436,2382953520,578.3521584286807,1,1
437,437,2354975202,817.3712029384757,1,0
438,438,2359980978,665.6111236204131,1,1
439,439,2378439283,809.9304365759793,1,0
440,440,2349047077,623.8867457562263,1,1
441,441,2368954819,924.6542066071953,1,0
442,442,2378360713,845.4857867521457,1,0
443,443,2356809246,705.5781813979283,1,1
444,444,2358755755,806.8743264774713,1,0
445,445,2382831954,761.2852130870892,1,0
446,446,2348725105,719.3903508923855,1,1
447,447,2360055282,791.1704740959534,1,0
448,448,2349511350,801.1424235874042,1,0
449,449,2353615650,588.5389091196671,1,1
450,450,2376380994,687.8882968310603,1,1
451,451,2351708202,762.0248197907432,1,0
452,452,2378023658,819.1220567442662,1,0
453,453,2369137722,750.9547736989188,1,0
454,454,2349984169,815.4088034626636,1,0
455,455,2359949102,851.2663044281717,1,0
456,456,2355860940,737.9588948033232,1,1
457,457,2353694768,807.5018568807852,1,0
458,458,2362252939,653.5605216989842,1,1
459,459,2379041683,784.7231560860564,1,0
460,460,2359951080,816.3184410643634,1,0
461,461,2360718468,781.1285884673068,1,0
462,462,2357126318,800.4486903967314,1,0
463,463,2350961034,763.3505760973406,1,0
464,464,2352676352,748.3233395996208,1,1
465,465,2360482604,840.0468196722386,1,0
466,466,2380452584,683.1895698928665,1,1
467,467,2364558116,656.1536471941797,1,1
468,468,2355771019,836.5780599885492,1,0
469,469,2382598962,677.0357872883612,1,1
470,470,2352549452,945.7248058400513,1,0
471,471,2356204080,608.4083999343861,1,1
472,472,2352312751,735.8241754609819,1,1
473,473,2374335140,649.7170049344612,1,1
474,474,2381262787,869.2999186307782,1,0
475,475,2357003580,674.5384785518243,1,1
476,476,2352155646,805.3920158374957,1,0
477,477,2380368409,985.0632539363637,1,0
478,478,2357240377,738.4412902755008,1,1
479,479,2363104591,813.8254433554602,1,0
480,480,2384537810,632.837518301532,1,1
481,481,2358500215,765.2032652652794,1,0
482,482,2361405722,687.1968624293901,1,1
483,483,2357666222,703.7039208816474,1,1
484,484,2372796062,929.0478539751006,1,0
485,485,2359953097,693.0284576195254,1,1
486,486,2360333022,966.8906650706592,1,0
487,487,2352702752,625.85208049458,1,1
488,488,2384586715,741.0261287253645,1,1
489,489,2384455266,838.833593952169,1,0
490,490,109905756,722.4055054815445,1,1
491,491,2380994893,959.1050840476547,1,0
492,492,2351010823,687.1613378842812,1,1
493,493,2360209554,894.7070052323793,1,0
494,494,2359984328,826.4231575436172,1,0
495,495,2374883167,628.7493674394323,1,1
496,496,2358902162,588.4714564060919,1,1
497,497,2363999472,901.8933887494536,1,0
498,498,2378847420,732.8561960222722,1,1
499,499,2374871490,805.2685427391068,1,0
500,500,518341782,928.9700779330086,1,0
501,501,2384958265,1001.0894773172027,1,0
502,502,2374414448,542.2755737357498,1,1
503,503,2384741894,841.8334727563332,1,0
504,504,2362680805,812.0075382519677,1,0
505,505,2357697421,658.7585452484637,1,1
506,506,2370791845,936.0947774846547,1,0
507,507,2367728047,824.3172982229494,1,0
508,508,2358784080,784.4342864658571,1,0
509,509,41613571,951.4085194120373,1,0
510,510,2351884837,731.7403513781452,1,1
511,511,2362142834,785.9319118000436,1,0
512,512,2352309080,776.5744113200583,1,0
513,513,2384331992,847.333076777684,1,0
514,514,2357042587,727.8816618231291,1,1
515,515,2361599270,665.562444156434,1,1
516,516,2384967678,815.0252011279646,1,0
517,517,2360091846,728.14836800335,1,1
518,518,2381929579,809.2709396531004,1,0
519,519,2355134546,835.9055553060766,1,0
520,520,2358581905,1008.6214114893808,1,0
521,521,2363607110,922.871594694419,1,0
522,522,2376896916,612.2163154708827,1,1
523,523,2358821899,817.7466264548186,1,0
524,524,2372905207,622.4703170324732,1,1
525,525,2362517576,819.4964797005499,1,0
526,526,2372480954,696.2859618344105,1,1
527,527,2368325846,683.0397991386693,1,1
528,528,2386224518,753.7029559237483,1,0
529,529,2350335156,672.8813460612913,1,1
530,530,2384245830,759.9426573988384,1,0
531,531,2358459319,1000.6458737245032,1,0
532,532,2352197238,779.6278767974147,1,0
533,533,2386012454,737.3146658898087,1,1
534,534,2352618876,608.3989553629153,1,1
535,535,2351608056,838.3693809121281,1,0
536,536,2352803594,951.7550269667016,1,0
537,537,2362274305,711.6133103503741,1,1
538,538,2382676646,584.7976705529608,1,1
539,539,2358376934,655.3245420604727,1,1
540,540,2362217372,868.5914350569407,1,0
541,541,2360663064,697.8514295100879,1,1
542,542,2356916576,578.1998881641532,1,1
543,543,2352038430,779.4413063770688,1,0
544,544,2380303262,703.7453138946597,1,1
545,545,2370987984,851.5328134272012,1,0
546,546,2354112254,947.9925598942717,1,0
547,547,2374864776,719.6804949463005,1,1
548,548,2352185112,588.5341750638922,1,1
549,549,2379106592,783.4780690388397,1,0
550,550,2360180306,708.973911201355,1,1
551,551,2366337290,564.0305302577539,1,1
552,552,2351869231,696.1160261709692,1,1
553,553,2365080456,789.1556144135795,1,0
554,554,2351578362,722.5296897644575,1,1
555,555,2351935423,745.1018201819867,1,1
556,556,2385782306,695.8398501387637,1,1
557,557,2352583038,670.3099043413769,1,1
558,558,2363170070,546.5601207923846,1,1
559,559,2362273448,769.1741513751978,1,0
560,560,2356072284,728.3056285906524,1,1
561,561,2353496768,829.9652279298863,1,0
562,562,2354257993,901.052217772866,1,0
563,563,2381131928,734.3779177174154,1,1
564,564,2357363780,699.4503290424666,1,1
565,565,2351627755,728.9758991346672,1,1
566,566,2355225331,710.2547842874006,1,1
567,567,2352413964,736.3793985330024,1,1
568,568,2364519254,745.7934826229377,1,1
569,569,2357490037,954.5366408759293,1,0
570,570,2368496100,851.4450767821922,1,0
571,571,2374855375,904.9174013486943,1,0
572,572,2354349955,685.3611916257288,1,1
573,573,2352159972,755.1958081908897,1,0
574,574,2373460700,764.9187703595488,1,0
575,575,2354240790,814.3424331410513,1,0
576,576,2383828752,824.040606129807,1,0
577,577,2378076452,592.3156376872374,1,1
578,578,2364620137,921.7138810176223,1,0
579,579,2358045140,765.5025446024011,1,0
580,580,2355091369,941.8621302699651,1,0
581,581,2352019645,678.5524406448612,1,1
582,582,2362322125,668.6967558861261,1,1
583,583,2378385974,865.3640982667578,1,0
584,584,2352945200,559.5819872066473,1,1
585,585,2352307093,656.3374446759103,1,1
586,586,2362909092,928.84246737275,1,0
587,587,2361751538,806.3975843042903,1,0
588,588,2383152397,736.0530607651796,1,1
589,589,2366552882,820.5475740513364,1,0
590,590,2354864112,632.8734937162676,1,1
591,591,2362544011,872.0444142784762,1,0
592,592,2359737805,601.5496014876541,1,1
593,593,2373237187,609.4493335549571,1,1
594,594,2372253000,621.344658642328,1,1
595,595,2384514518,782.4587206882559,1,0
596,596,2384881206,609.0096164740405,1,1
597,597,27164845,1008.0820702050313,1,0
598,598,2352579308,741.4787784683803,1,1
599,599,2380732760,724.2548466998824,1,1
600,600,347555471,480.09453542577825,1,0
601,601,522725796,423.046756673117,1,0
602,602,129549447,173.70383620168303,1,0
603,603,2396099064,299.53664998775804,1,0
604,604,2361494688,380.2614225115554,1,0
605,605,531218181,430.61616976245614,1,0
606,606,531134291,399.38682178747683,1,0
607,607,360743981,402.2894318109792,1,0
608,608,531134248,396.28320439318975,1,0
609,609,157884661,426.2540688041024,1,0
610,610,297072497,419.6362860470117,1,0
611,611,306510948,443.5940674991206,1,0
612,612,839897809,293.794182637281,1,0
613,613,164303126,460.40015460925736,1,0
614,614,520998731,424.4214744011067,1,0
615,615,964138124,392.05296167256387,1,0
616,616,531148316,419.49467811023743,1,0
617,617,162341083,429.0503223583132,1,0
618,618,164250795,218.6576986417005,1,0
619,619,531129533,397.0156883400509,1,0
620,620,297021045,387.11633626568926,1,0
621,621,326290586,418.23634529765394,1,0
622,622,531534294,274.2442062790746,1,0
623,623,531150104,434.98631799346015,1,0
624,624,531144016,450.3704536021844,1,0
625,625,456990098,391.33963007075477,1,0
626,626,330531182,370.59126772929466,1,0
627,627,347564054,446.23400038726885,1,0
628,628,457000046,476.434512386016,1,0
629,629,157882115,434.7609441127305,1,0
630,630,334748859,419.6458512673858,1,0
631,631,531223365,395.38053411035673,1,0
632,632,243854506,458.4505719801793,1,0
633,633,195018333,361.5813355883417,1,0
634,634,195005434,394.05851946274527,1,0
635,635,531256458,450.16307621913256,1,0
636,636,531164215,406.66758412545715,1,0
637,637,334747962,439.00932330809127,1,0
638,638,194773394,417.68514281147736,1,0
639,639,1388500788,423.5092554425814,1,0
640,640,195013125,402.31428935047967,1,0
641,641,522715107,415.2737305304812,1,0
642,642,195014511,420.3728540888804,1,0
643,643,531158939,453.1562691090952,1,0
644,644,75863742,289.04241006700147,1,0
645,645,310462159,382.9253671266416,1,0
646,646,1702860350,137.30094937342236,1,0
647,647,215693377,403.13529777022126,1,0
648,648,162395011,425.3375332445946,1,0
649,649,521093819,424.1154003542092,1,0
650,650,711479551,449.2665352542663,1,0
651,651,2231823601,319.3363374467673,1,0
652,652,308167725,463.9221379233889,1,0
653,653,521066382,400.1742778919947,1,0
654,654,90421989,667.8253544844764,1,1
655,655,571735543,383.10343871569916,1,0
656,656,531132166,423.655479978474,1,0
657,657,531243222,436.11275779614687,1,0
658,658,242381339,473.3092625416817,1,0
659,659,974255899,447.7473043925683,1,0
660,660,520803165,437.31341679946405,1,0
661,661,522416755,377.3103515019096,1,0
662,662,531146452,388.4861132942832,1,0
663,663,1267627190,263.3105970547185,1,0
664,664,221059805,461.68991991141036,1,0
665,665,531223578,358.64119718074244,1,0
666,666,425528043,411.48302299178846,1,0
667,667,521358579,386.81564766240484,1,0
668,668,531138997,451.13216760389196,1,0
669,669,531137332,428.8780331818312,1,0
670,670,1580244270,327.7382579220466,1,0
671,671,297070204,486.57231494502304,1,0
672,672,531259803,406.8805462335122,1,0
673,673,1857048475,197.96549865139463,1,0
674,674,1699325190,411.2456200395472,1,0
675,675,244202085,400.4590110306994,1,0
676,676,243325371,450.59848349745033,1,0
677,677,360741658,384.1863050147339,1,0
678,678,531147808,380.12017809594465,1,0
679,679,2183757256,240.9507647784203,1,0
680,680,457009775,426.58400588062017,1,0
681,681,531139427,391.8296732574456,1,0
682,682,531135163,472.1813526962785,1,0
683,683,1013031680,395.1910204832409,1,0
684,684,241228977,408.2241305483781,1,0
685,685,531146600,422.11179280569814,1,0
686,686,535789505,447.4770616465886,1,0
687,687,531152224,428.4241571371932,1,0
688,688,870954793,349.78506309723105,1,0
689,689,531140765,420.60741300432886,1,0
690,690,531160078,423.09842565767957,1,0
691,691,1372882284,463.0077921256164,1,0
692,692,531226626,401.60637503632194,1,0
693,693,531219372,433.6407332699485,1,0
694,694,711518438,410.3604706385338,1,0
695,695,711565705,409.50244960670335,1,0
696,696,336051161,776.9974112149339,1,0
697,697,165778169,439.5495344073954,1,0
698,698,531148996,463.0744009480382,1,0
699,699,522344056,393.8541918750598,1,0
700,700,531252639,371.28467363850024,1,0
701,701,244200947,336.5693941484622,1,0
702,702,531165935,440.85272853025515,1,0
703,703,166733398,491.00083435556894,1,0
704,704,531161755,357.8451450684742,1,0
705,705,212838695,406.0527151130549,1,0
706,706,195017418,453.6414135765323,1,0
707,707,711506862,384.9054116948729,1,0
708,708,241233990,423.5630325412715,1,0
709,709,327748532,420.1732214956581,1,0
710,710,708129571,415.32570465605033,1,0
711,711,297548417,429.8048877902185,1,0
712,712,1162982473,400.2054226209252,1,0
713,713,326308433,391.69196487983606,1,0
714,714,164269433,427.8321798185205,1,0
715,715,372233740,324.82045799885407,1,0
716,716,244161562,449.31619472116273,1,0
717,717,949652516,382.5533395704,1,0
718,718,306479404,418.575203508785,1,0
719,719,522348124,432.612005133425,1,0
720,720,531137482,434.3241433073704,1,0
721,721,531246393,451.03002885674897,1,0
722,722,938614555,426.4182081403515,1,0
723,723,334826952,455.1738233382922,1,0
724,724,1257202958,470.5652521853472,1,0
725,725,244251169,404.01788244277657,1,0
726,726,26117307,353.39420814631706,1,0
727,727,2429375022,257.66215186208456,1,0
728,728,1360669345,447.2398906306044,1,0
729,729,26743316,294.77497723440825,1,0
730,730,836255282,503.7401473883588,1,1
731,731,531139298,412.02615220510836,1,0
732,732,161256906,410.66166345342896,1,0
733,733,970094882,453.30887252069016,1,0
734,734,330453376,470.05949816619005,1,0
735,735,885249193,188.5088506467116,1,0
736,736,325789799,403.721990377438,1,0
737,737,522720869,452.3251941656134,1,0
738,738,531150230,465.53745353631393,1,0
739,739,531137422,465.0008411166168,1,0
740,740,457002704,502.44892871742667,1,1
741,741,1858638313,253.84657161727,1,0
742,742,531147995,392.26332955708915,1,0
743,743,531229047,439.78664797435783,1,0
744,744,531157328,384.14014643932643,1,0
745,745,531234036,375.93970279179086,1,0
746,746,531226407,424.35521153554083,1,0
747,747,512652820,348.00301507390543,1,0
748,748,531246711,323.06751533974887,1,0
749,749,456939896,388.9711942695148,1,0
750,750,334750128,437.5710748569802,1,0
751,751,347579782,469.1490612687653,1,0
752,752,531149713,391.64704504374185,1,0
753,753,157882740,388.53844195130796,1,0
754,754,520806944,382.67294449651945,1,0
755,755,531249450,358.53651278024483,1,0
756,756,531165847,419.88922383965377,1,0
757,757,341925732,417.8054247173472,1,0
758,758,816485959,337.01837633981233,1,0
759,759,370960192,385.7069410106026,1,0
760,760,306207069,451.7885762570392,1,0
761,761,326312483,388.1946599279898,1,0
762,762,934684128,424.46609381500826,1,0
763,763,531219678,407.52043309532957,1,0
764,764,531158809,383.74495666889135,1,0
765,765,521099801,444.96047861458175,1,0
766,766,195049424,401.4174367425669,1,0
767,767,326302120,440.85243881487776,1,0
768,768,335409261,367.3879163971569,1,0
769,769,456934703,403.4294767272053,1,0
770,770,17132768,260.0507197408928,1,0
771,771,535901760,417.927637019223,1,0
772,772,531144478,362.77101533788453,1,0
773,773,237860975,476.3106804502559,1,0
774,774,291374082,388.1403295886573,1,0
775,775,297017716,408.43795780012397,1,0
776,776,531135197,414.0231961293,1,0
777,777,297011749,381.8362753864298,1,0
778,778,531157556,415.6311912121291,1,0
779,779,157899229,411.26651933000994,1,0
780,780,711547033,367.5436861103965,1,0
781,781,157899996,367.56448378827486,1,0
782,782,531164561,405.55821012392363,1,0
783,783,161611407,458.73018958724055,1,0
784,784,1967770471,255.032932091985,1,0
785,785,522351391,386.1504881506421,1,0
786,786,195052498,398.7058812163424,1,0
787,787,1372026204,583.7056078666782,1,1
788,788,531240150,442.87538728301575,1,0
789,789,479896389,297.89853003583113,1,0
790,790,334165672,413.2386329066665,1,0
791,791,956473088,266.7207717557224,1,0
792,792,334160449,451.10324121355836,1,0
793,793,242522514,428.0119031832853,1,0
794,794,981247207,500.64626929552134,1,1
795,795,558061651,414.08711248569193,1,0
796,796,531157487,416.32022522293437,1,0
797,797,297074297,436.83040246181685,1,0
798,798,215691888,446.85382902801234,1,0
799,799,21331733,753.4795103211623,1,0
800,800,1176010664,834.5804498269897,1,0
801,801,1176165122,809.5717811384164,1,0
802,802,620475728,684.7790980095741,1,1
803,803,1176344617,1243.2239455782312,1,0
804,804,186476710,589.1329830407109,1,1
805,805,616218557,885.9387479197485,1,0
806,806,1127216318,1676.5425207756232,1,0
807,807,619613905,1337.6099000000004,1,0
808,808,616296954,928.1984706777133,1,0
809,809,407868184,146.49253699573333,1,0
810,810,1174832875,974.8202827972146,1,0
811,811,617732455,873.699839302112,1,0
812,812,617386858,773.1377564102562,1,0
813,813,1130207582,781.4696487808212,1,0
814,814,616594567,1067.2482968002014,1,0
815,815,1127465958,1183.1748901206572,1,0
816,816,616298784,884.2099237843285,1,0
817,817,1174332702,722.0238376342273,1,1
818,818,616905825,1059.2231263640151,1,0
819,819,616221794,757.9670563629373,1,0
820,820,1176078956,461.3275,1,0
821,821,1175825840,731.9923960869751,1,1
822,822,617279043,1022.5490779248056,1,0
823,823,616206149,1146.018792595961,1,0
824,824,1174400497,919.2603265570932,1,0
825,825,1128012338,941.2482698961937,1,0
826,826,616206656,1023.6461340679524,1,0
827,827,616235260,893.2247006535947,1,0
828,828,617867481,896.3637486992717,1,0
829,829,1174413146,1635.2665972222226,1,0
830,830,617630300,1528.7033073474042,1,0
831,831,710092674,614.3882467961423,1,1
832,832,1174913503,713.6848979591838,1,1
833,833,1175691536,975.9377162629758,1,0
834,834,401287742,0.0,1,0
835,835,1127478864,1117.1862795390034,1,0
836,836,1174706054,504.0157823129251,1,1
837,837,21196037,765.2834686680841,1,0
838,838,1176416144,978.314761904762,1,0
839,839,351889016,443.6787627992373,1,0
840,840,1127165706,1279.8832638888894,1,0
841,841,1174648296,1125.1060664819943,1,0
842,842,616303596,778.4827171326593,1,0
843,843,716446483,674.4522489024981,1,1
844,844,1175029759,881.568869165023,1,0
845,845,1174842428,1089.4815972222225,1,0
846,846,616222988,1136.4371966091614,1,0
847,847,616232251,866.4504831117143,1,0
848,848,358260127,1089.7492919089889,1,0
849,849,616613637,1149.441063706787,1,0
850,850,616224676,1106.664562320796,1,0
851,851,617437469,964.5012762584224,1,0
852,852,616299006,866.6046510556752,1,0
853,853,619466144,819.2170518096443,1,0
854,854,252647855,367.2929236342125,1,0
855,855,72110028,380.97721513729033,1,0
856,856,1176179941,1010.2691184052243,1,0
857,857,616221593,966.5922616587144,1,0
858,858,618499240,835.0494557674044,1,0
859,859,291362552,0.0,1,0
860,860,619020183,744.2403389582878,1,1
861,861,1175793452,1012.320987654321,1,0
862,862,616312923,759.525130172051,1,0
863,863,622357843,1056.5899445704206,1,0
864,864,1174361588,665.7054978854286,1,1
865,865,284375210,562.0506963999078,1,1
866,866,1127132214,950.2243581528473,1,0
867,867,105790281,820.8201530612246,1,0
868,868,617721359,981.9225622018414,1,0
869,869,1127034602,1312.9029066171922,1,0
870,870,1130157979,1512.8022815743946,1,0
871,871,618348025,870.2008208241975,1,0
872,872,79749293,158.81801714768747,1,0
873,873,192269471,560.1527292858549,1,1
874,874,1176352386,1003.3188331452412,1,0
875,875,1130156677,808.959208861254,1,0
876,876,1174546525,1280.6815419501131,1,0
877,877,241553849,544.6666666666666,1,1
878,878,1208662998,631.49,1,1
879,879,709026824,591.6611758488569,1,1
880,880,622736222,1042.655299408284,1,0
881,881,79015296,512.3272871283564,1,1
882,882,157371153,0.0,1,0
883,883,1175717354,1062.006597222222,1,0
884,884,1208944405,0.0,1,0
885,885,57757511,1381.1374095989481,1,0
886,886,1175741276,745.190738802356,1,1
887,887,616206614,778.2444013340339,1,0
888,888,1176023660,1294.1908279470606,1,0
889,889,617173576,786.2148731790952,1,0
890,890,1174684076,997.3710657596373,1,0
891,891,1175686850,825.2403568248213,1,0
892,892,59568791,276.23272727272723,1,0
893,893,617176526,762.0933945342842,1,0
894,894,279388955,445.19561434227836,1,0
895,895,617342501,989.7209408139,1,0
896,896,122075266,0.0,1,0
897,897,36943266,626.3147091083363,1,1
898,898,1174425702,846.8090050835149,1,0
899,899,294687282,0.0,1,0
900,900,617430051,970.2572888888888,1,0
901,901,250216358,1208.8268220961984,1,0
902,902,616212355,944.5675504914664,1,0
903,903,1175841943,1052.236831987697,1,0
904,904,618215489,709.39,1,1
905,905,616217255,974.2566902454287,1,0
906,906,1127910840,913.6927222653767,1,0
907,907,161473116,833.1654730322581,1,0
908,908,616230896,927.0059151163936,1,0
909,909,1208702066,0.0,1,0
910,910,141394735,1058.0,1,0
911,911,618249287,784.7302213456061,1,0
912,912,1127025932,1184.358824540299,1,0
913,913,1127846953,766.6237333333332,1,0
914,914,617011109,1090.1818787158143,1,0
915,915,1386519432,0.0,1,0
916,916,137515361,0.0,1,0
917,917,1175650981,961.7632638888887,1,0
918,918,617662277,786.5442153526457,1,0
919,919,1174874869,926.1419388692116,1,0
920,920,616305396,884.6161227117869,1,0
921,921,617821434,1101.0427660034602,1,0
922,922,69412978,771.1688421302515,1,0
923,923,619308922,794.9692243767313,1,0
924,924,617688070,941.7029360478148,1,0
925,925,616225411,931.2138679790854,1,0
926,926,617315471,969.6296279343512,1,0
927,927,50449844,426.93376111052834,1,0
928,928,617396030,966.0204706130633,1,0
929,929,616304430,1322.8859725822979,1,0
930,930,1174901988,804.1232158304497,1,0
931,931,1174621862,386.35445015544684,1,0
932,932,1175021929,804.2908653470605,1,0
933,933,616206464,749.0668609015393,1,1
934,934,133762771,656.4279555443577,1,1
935,935,291630964,1135.448570830585,1,0
936,936,1129884836,886.6906122448979,1,0
937,937,1130266422,578.9260110803324,1,1
938,938,119227710,445.1058673469388,1,0
939,939,1174851782,916.3423442906574,1,0
940,940,616684545,797.9079833194821,1,0
941,941,1174712372,973.6595011337868,1,0
942,942,228564932,492.82447739759317,1,0
943,943,619219990,834.3199866533197,1,0
944,944,630700348,234.01,1,0
945,945,88517573,499.9177946759234,1,0
946,946,1128304272,1042.6104012024514,1,0
947,947,616226519,767.5722961830834,1,0
948,948,1175992374,1013.8573307034843,1,0
949,949,616441910,957.911972914743,1,0
950,950,617524589,824.2013731418492,1,0
951,951,124964940,197.55555555555557,1,0
952,952,169433349,841.3232409925577,1,0
953,953,616302336,761.611284715355,1,0
954,954,616312242,888.211665157049,1,0
955,955,616964543,1159.9055392767086,1,0
956,956,1174367996,633.8144217687075,1,1
957,957,712628232,987.8670596779016,1,0
958,958,1127400348,749.7398857768202,1,1
959,959,60018650,577.661224489796,1,1
960,960,1372493953,1320.2222222222224,1,0
961,961,616230529,1340.3121505568995,1,0
962,962,1367487373,101.55555555555556,1,0
963,963,170144297,0.0,1,0
964,964,1174652005,370.8948060486522,1,0
965,965,112200531,191.29580246913582,1,0
966,966,616317946,1141.5783093849784,1,0
967,967,1127391530,902.9814285714286,1,0
968,968,1151673038,119.6,1,0
969,969,616772277,872.7546190240802,1,0
970,970,616232782,752.1643342516071,1,0
971,971,1176031873,453.8218174322071,1,0
972,972,616713916,958.1653413958176,1,0
973,973,1174733100,1314.6592797783933,1,0
974,974,84539426,125.57525510204084,1,0
975,975,616755124,627.4456700196555,1,1
976,976,1175918527,1072.524739229025,1,0
977,977,1175854238,582.4967320261437,1,1
978,978,1174644632,651.4528148708042,1,1
979,979,616300512,909.3647425260614,1,0
980,980,400069220,2423.952806122449,1,0
981,981,1174581626,755.1015013513726,1,0
982,982,1174914138,811.1976814394397,1,0
983,983,1127849112,900.4944284023669,1,0
984,984,616230346,1137.8080892874611,1,0
985,985,616301190,908.2313115643652,1,0
986,986,616227442,1483.2874389458764,1,0
987,987,616229068,1113.755454134779,1,0
988,988,616215454,1113.807909547927,1,0
989,989,1281271908,581.300946990827,1,1
990,990,1128835686,740.1240236686391,1,1
991,991,1174349246,720.2499305555556,1,1
992,992,1127205985,1155.8685975479516,1,0
993,993,1127536843,1109.9910059171596,1,0
994,994,617590863,859.3672667598447,1,0
995,995,617617075,946.2694690076463,1,0
996,996,1174823942,951.9520408163264,1,0
997,997,617745271,1050.6463527239152,1,0
998,998,1174860890,678.3885234534584,1,1
999,999,616300842,1045.2293544356517,1,0
1000,0,403766373,607.8899448387381,0,1
1001,1,14057516,420.2760171198705,0,0
1002,2,394007331,724.2537636920949,0,1
1003,4,49961511,541.1998550899649,0,1
1004,5,150993495,648.2729776126214,0,1
1005,6,537886787,708.5576608745349,0,1
1006,7,493919122,341.1708607343056,0,0
1007,8,529342153,858.9430555555557,0,0
1008,9,1009413198,264.61215180357345,0,0
1009,10,451397835,769.2178512396694,0,0
1010,11,215216086,531.0249983479025,0,1
1011,12,489042575,927.8418388437567,0,0
1012,13,609166669,864.7124042031735,0,0
1013,14,834186096,604.724567903855,0,1
1014,15,1096575422,715.765676775148,0,1
1015,16,29742445,442.9474055482164,0,0
1016,17,22951310,623.8497669237621,0,1
1017,18,131197741,460.2419308559674,0,0
1018,19,428259355,323.53193288241414,0,0
1019,20,47610275,574.2024691358025,0,1
1020,21,168761446,246.51245227502656,0,0
1021,22,271032827,1701.649375,0,0
1022,23,531212295,385.85143516305055,0,0
1023,24,262199092,690.0180706573673,0,1
1024,25,191839658,1111.928008110593,0,0
1025,26,477309080,555.3785875918993,0,1
1026,27,159491433,636.8200809826228,0,1
1027,28,6296742,951.174381985378,0,0
1028,29,474043803,1011.7628450818364,0,0
1029,30,21102000,736.180271716409,0,1
1030,31,425908255,495.3368595041322,0,0
1031,32,198418075,264.4281324589362,0,0
1032,33,11990112,597.9317679409818,0,1
1033,34,195188594,634.8766101918867,0,1
1034,35,394233142,692.7894449578149,0,1
1035,36,181191283,800.1897736758035,0,0
1036,37,170352080,683.074781039055,0,1
1037,38,171640056,635.0360022480236,0,1
1038,39,184102704,935.344820773632,0,0
1039,40,293394867,295.83686637986597,0,0
1040,41,26967415,376.25765031312625,0,0
1041,42,228708687,439.51356450287005,0,0
1042,43,725675244,568.2172837228981,0,1
1043,44,52157135,601.2697875038474,0,1
1044,45,532556025,543.190065569923,0,1
1045,46,770176435,487.9594524719453,0,0
1046,47,259680844,751.3604535147392,0,0
1047,48,17284137,588.6807060190813,0,1
1048,49,546314660,917.124639696672,0,0
1049,50,574385968,554.2727664399093,0,1
1050,51,50650272,1049.6096135583316,0,0
1051,52,69654626,27.805555555555554,0,0
1052,53,255499265,559.8424095758263,0,1
1053,54,22437394,1208.5678765344624,0,0
1054,55,24725275,405.31606074626023,0,0
1055,56,290585680,392.50043599030676,0,0
1056,57,2185613491,679.0106463504063,0,1
1057,58,240167062,1035.2913432744613,0,0
1058,59,208664282,529.1420533369043,0,1
1059,60,573690882,500.6982966892885,0,1
1060,61,2257069046,359.6723830594913,0,0
1061,62,602182097,774.1390850689837,0,0
1062,63,15324749,541.8046524521128,0,1
1063,64,614770385,306.0444444444445,0,0
1064,65,323809354,300.6560795029264,0,0
1065,66,198678682,730.9555710347929,0,1
1066,67,16644246,469.68983673822817,0,0
1067,68,490044117,559.8220049961934,0,1
1068,69,21671968,606.4975606390911,0,1
1069,70,20219315,585.611889789708,0,1
1070,71,47637732,1422.4213750959493,0,0
1071,72,437456557,421.75196169142123,0,0
1072,73,129515952,498.5738426479492,0,0
1073,74,1021876490,137.44888888888892,0,0
1074,75,876501625,820.3883235420245,0,0
1075,76,45110939,431.97333333333336,0,0
1076,77,37733715,525.4935445099835,0,1
1077,78,199562994,115.57823129251699,0,0
1078,79,421002902,790.6372685653456,0,0
1079,80,572969576,716.7181049142273,0,1
1080,81,23871022,294.8699914007082,0,0
1081,82,404069171,523.2241667119919,0,1
1082,83,389652102,564.4367796120446,0,1
1083,84,1204535834,580.4174936988027,0,1
1084,85,138867555,642.082539817261,0,1
1085,86,149512577,517.1818534233339,0,1
1086,87,264333523,608.3788901892935,0,1
1087,88,1095958825,140.81,0,0
1088,89,568453926,528.3931974194063,0,1
1089,90,455651875,617.9055467615751,0,1
1090,91,766507921,453.23936507936514,0,0
1091,92,987656269,495.3609467455622,0,0
1092,93,74544145,439.79280360075785,0,0
1093,94,23498472,539.4889711491887,0,1
1094,95,613523546,398.35285593527334,0,0
1095,96,578266551,649.2647538369083,0,1
1096,97,12700622,591.4139602573459,0,1
1097,98,552577697,392.8220106062194,0,0
1098,99,400741034,378.80628769154714,0,0
1099,100,2192700734,718.0135758010092,0,1
1100,101,934949900,121.77333333333333,0,0
1101,102,366116632,366.51770845111054,0,0
1102,103,14764956,702.3465765780284,0,1
1103,104,955806343,354.0326445679342,0,0
1104,105,45100798,592.2283782282693,0,1
1105,106,364111442,965.72,0,0
1106,107,1895160985,846.0140229613049,0,0
1107,108,200645756,841.763026031117,0,0
1108,109,610956863,1125.5656316869306,0,0
1109,110,2234967314,696.1633519679449,0,1
1110,111,372786191,1076.9712546793867,0,0
1111,112,442075220,724.7948162175021,0,1
1112,113,15922136,493.485806080336,0,0
1113,114,125796953,719.5582940172577,0,1
1114,115,473043012,532.4514552843518,0,1
1115,116,55532545,798.1103901847067,0,0
1116,117,546533556,693.7545886368681,0,1
1117,118,171422343,438.2720629686672,0,0
1118,119,17557537,815.3795240705681,0,0
1119,120,555906816,836.7806122448981,0,0
1120,121,392247237,536.2815581854045,0,1
1121,122,1882244610,897.8008744705112,0,0
1122,123,534863518,513.6659948613511,0,1
1123,124,104770020,640.2350355186211,0,1
1124,125,50619779,516.5752655094242,0,1
1125,126,64967572,484.9310479948114,0,0
1126,127,800130746,277.3672839506173,0,0
1127,128,421319874,841.9080538830169,0,0
1128,129,82118682,1771.212191358025,0,0
1129,130,114726248,385.4119329259166,0,0
1130,131,1179541274,122.13888888888891,0,0
1131,132,549083012,73.70906516007365,0,0
1132,133,2331545711,795.9378057839598,0,0
1133,134,254497239,248.88780593756448,0,0
1134,135,157158598,258.5442552964354,0,0
1135,136,284481700,813.7068165658322,0,0
1136,137,988985683,98.63603174603176,0,0
1137,138,1956659528,747.8297219328737,0,1
1138,139,632419314,454.3328395061728,0,0
1139,140,1052685680,386.36941281077935,0,0
1140,141,20773759,750.6347586757789,0,0
1141,142,1950803306,868.9893842012503,0,0
1142,143,961125284,278.46527777777777,0,0
1143,144,317336535,696.1670888018057,0,1
1144,145,319091474,407.2259943216288,0,0
1145,146,1770131138,764.381580872937,0,0
1146,147,487251929,587.3418049085667,0,1
1147,148,154588620,528.7722230090094,0,1
1148,149,51484684,500.89197758455214,0,1
1149,150,2320414572,719.3384215774187,0,1
1150,151,224276630,925.0290846376964,0,0
1151,152,513726022,432.80060951946183,0,0
1152,153,915739543,1032.4998893913898,0,0
1153,154,82837121,511.7619587780517,0,1
1154,155,114541436,514.0252694018784,0,1
1155,156,472778739,432.61862497512567,0,0
1156,157,13972932,445.4293244296063,0,0
1157,158,825336607,907.9934524237807,0,0
1158,159,571938412,458.69767413501563,0,0
1159,160,109651861,550.3815371389923,0,1
1160,161,115349856,314.63063013735365,0,0
1161,162,379728710,837.0222222222222,0,0
1162,163,595584728,765.747328653352,0,0
1163,164,221898604,788.5561200378072,0,0
1164,165,45603460,0.0,0,0
1165,166,17050665,368.76459828491653,0,0
1166,167,238040058,675.6510998469298,0,1
1167,168,593724411,770.1617551675304,0,0
1168,169,522582939,905.2626358560132,0,0
1169,170,340346783,837.1045318994774,0,0
1170,171,96454595,576.9520018073774,0,1
1171,172,7046912,478.5216539288945,0,0
1172,173,394814291,687.270799352616,0,1
1173,174,305386550,904.3050624589087,0,0
1174,175,539128249,881.885735429938,0,0
1175,176,5812422,315.98248160319673,0,0
1176,177,176469051,653.426065338979,0,1
1177,178,755116,629.4998773303831,0,1
1178,179,418024172,690.524192429344,0,1
1179,180,215992174,0.0,0,0
1180,182,6082972,322.74446501492963,0,0
1181,183,210514893,492.30545651593974,0,0
1182,184,2263479907,765.1469918284496,0,0
1183,185,119065059,354.6082189024698,0,0
1184,186,593274528,218.20495116345768,0,0
1185,187,394789922,991.5473424492717,0,0
1186,188,62364690,876.5204048346816,0,0
1187,189,194232740,653.8748137945107,0,1
1188,190,620404975,573.8334363353667,0,1
1189,191,177963867,897.0014363004982,0,0
1190,192,408637014,1118.1023822714683,0,0
1191,193,1089293960,189.5451868388172,0,0
1192,194,486966473,713.9862466665203,0,1
1193,195,279147035,439.82429774630936,0,0
1194,197,140527863,454.722948839864,0,0
1195,198,202220813,381.24691536510414,0,0
1196,199,21281949,738.6463147089136,0,1
1197,200,102422355,314.6488888888889,0,0
1198,201,374138547,643.9022563124491,0,1
1199,202,301919327,463.62517356470744,0,0
1200,203,585439502,259.81542291602904,0,0
1201,204,893784643,343.1780874223832,0,0
1202,205,761723172,597.9439500143637,0,1
1203,206,219379279,837.8170923913877,0,0
1204,207,948165787,0.0,0,0
1205,208,23808818,358.8201231234986,0,0
1206,209,578904059,155.34278061910732,0,0
1207,210,93259719,452.73082864636126,0,0
1208,211,19598248,633.7094370791926,0,1
1209,212,379260334,489.353388429752,0,0
1210,213,30638954,504.2492702146582,0,1
1211,214,168422352,477.53850910170166,0,0
1212,215,1020696912,698.1908794075833,0,1
1213,216,22407164,394.22222222222223,0,0
1214,217,335837698,412.78418399495905,0,0
1215,218,400546232,539.5018169549949,0,1
1216,219,21238673,461.2787301884079,0,0
1217,220,57928664,1061.1551779360743,0,0
1218,221,15453624,446.8646802498514,0,0
1219,222,479908486,528.8822278179523,0,1
1220,223,204444302,289.5825888907763,0,0
1221,224,433162117,836.0606171834282,0,0
1222,225,174762418,557.3811607885473,0,1
1223,226,934466887,844.8865315814965,0,0
1224,227,31162918,390.90839154171476,0,0
1225,228,174935239,766.8694470370866,0,0
1226,229,520282672,749.1247714888887,0,1
1227,230,2317290118,882.0117768824141,0,0
1228,231,380319760,219.9262604977163,0,0
1229,232,392676979,698.7288687123577,0,1
1230,233,22970058,494.2623887356132,0,0
1231,234,16468451,669.0964993898365,0,1
1232,235,2312368014,555.6546824467705,0,1
1233,236,131559802,596.3981940132202,0,1
1234,237,7246122,490.7020741687085,0,0
1235,238,105496654,782.0452505112788,0,0
1236,239,531640494,389.0510204081632,0,0
1237,240,216361529,550.4795281748178,0,1
1238,241,186749576,721.1991755828841,0,1
1239,242,291949510,573.7901622895736,0,1
1240,243,495045945,856.9447247242592,0,0
1241,244,434591482,757.0802676333693,0,0
1242,245,563452765,540.2159530289938,0,1
1243,246,29500667,766.0017098924063,0,0
1244,247,851233315,321.23219902669,0,0
1245,248,107216254,703.7410657596373,0,1
1246,249,154197349,185.00330800596814,0,0
1247,250,272121120,641.8906918565259,0,1
1248,251,73799359,360.64615384615377,0,0
1249,252,202555952,554.6451805851301,0,1
1250,253,2349866700,652.9845032852203,0,1
1251,254,165077100,659.3697933113815,0,1
1252,255,848909828,297.57823129251705,0,0
1253,256,636107261,696.3877551020407,0,1
1254,257,19190434,824.8027161544572,0,0
1255,258,1015888195,796.1124304267162,0,0
1256,259,396462550,661.0240086446006,0,1
1257,260,152165747,604.7789366302794,0,1
1258,261,587515464,653.3147168204173,0,1
1259,262,392094997,667.8189440178147,0,1
1260,263,2293511256,749.2499999999999,0,1
1261,264,617872589,637.2906232296841,0,1
1262,265,187248137,911.9361792187937,0,0
1263,266,233533428,588.9034562076799,0,1
1264,267,615237160,464.5042373585083,0,0
1265,268,426531620,100.84,0,0
1266,269,2292414091,638.6781665189883,0,1
1267,270,624420623,764.1201879810143,0,0
1268,271,546096491,945.5910225897313,0,0
1269,272,150983977,770.8420430881455,0,0
1270,273,1065760964,354.32169343313194,0,0
1271,274,22020084,625.5454664147645,0,1
1272,275,24176877,449.61159222022485,0,0
1273,276,61452320,681.5239973701512,0,1
1274,277,223840972,341.34918975211986,0,0
1275,278,15097876,505.4146198706704,0,1
1276,279,26261259,815.4039875517253,0,0
1277,280,115340992,447.851400035903,0,0
1278,281,1072217274,775.7263544536273,0,0
1279,282,86612717,1204.3308697964785,0,0
1280,283,14418605,493.30247766097125,0,0
1281,284,407024811,697.6985061113628,0,1
1282,285,379176983,0.0,0,0
1283,286,1944581808,1033.6600063583626,0,0
1284,287,947255689,0.0,0,0
1285,288,1092912044,361.9738601703048,0,0
1286,289,148061189,567.7359229833028,0,1
1287,290,90436636,515.6255956420761,0,1
1288,292,188047458,799.6245376820965,0,0
1289,293,8858022,992.8299886070025,0,0
1290,294,190225727,437.4997704315886,0,0
1291,295,20412275,638.3264730507589,0,1
1292,296,272911207,540.0180376256149,0,1
1293,297,407964674,733.8013537569764,0,1
1294,298,183247631,296.6566465953935,0,0
1295,299,412604603,643.2415059687787,0,1
1296,300,2152052819,408.61337846585855,0,0
1297,301,2233856637,679.7480570420761,0,1
1298,302,2331598592,407.2188677123742,0,0
1299,303,595827319,768.2418340833635,0,0
1300,304,44451302,505.21652430829596,0,1
1301,305,602628071,535.630179140094,0,1
1302,306,252516822,290.3589322029614,0,0
1303,307,983033413,221.3574380165289,0,0
1304,308,24080811,722.8235092275038,0,1
1305,309,76286424,588.703815447009,0,1
1306,310,24352106,781.4669312169314,0,0
1307,311,577422947,175.09688069343412,0,0
1308,312,384547005,445.9446153846154,0,0
1309,313,1204191037,407.1140588221019,0,0
1310,314,601689477,518.0023379521009,0,1
1311,315,452828946,719.686226259072,0,1
1312,316,1871678053,704.8812938478372,0,1
1313,317,162018954,744.1637960760999,0,1
1314,318,364805437,683.0836008669653,0,1
1315,319,498826553,160.42177572719757,0,0
1316,320,866254687,406.49368237010424,0,0
1317,321,581136968,461.77854671280284,0,0
1318,322,217433376,1195.8481509994626,0,0
1319,323,213261669,671.1698948908597,0,1
1320,324,512918460,1017.3627927852028,0,0
1321,325,344675728,166.22222222222226,0,0
1322,326,286543,309.5664928189424,0,0
1323,328,30062603,800.0022460133264,0,0
1324,329,489714722,676.6513136990923,0,1
1325,330,405135128,523.4097222222222,0,1
1326,331,425759519,518.8138395792241,0,1
1327,332,117463248,384.8218207914186,0,0
1328,333,129176007,243.25378040762652,0,0
1329,334,476760491,1048.8685468238457,0,0
1330,335,182342223,787.8980888427823,0,0
1331,336,520499857,867.177611719886,0,0
1332,337,1672188043,851.4453030530374,0,0
1333,338,131636321,545.1366688663167,0,1
1334,339,161612145,668.1148176420365,0,1
1335,340,439855752,356.82131144468804,0,0
1336,341,26683817,607.3967308935736,0,1
1337,342,211449302,291.45408163265313,0,0
1338,343,2157979582,382.1972421905491,0,0
1339,344,225683965,458.3725705044813,0,0
1340,345,103087081,425.2876570263957,0,0
1341,346,22437649,683.3589595024675,0,1
1342,347,186240101,867.8399746940747,0,0
1343,348,547680256,600.5100015757358,0,1
1344,349,418046391,317.5922222222222,0,0
1345,350,381960133,499.4645877076898,0,0
1346,351,15224719,511.41860241114915,0,1
1347,352,108051742,365.8416955017301,0,0
1348,353,551752143,1229.2154293515966,0,0
1349,354,27014940,306.4932734513653,0,0
1350,355,496588802,722.7583305275066,0,1
1351,356,506055335,915.0524576654147,0,0
1352,357,267989312,313.30537926365787,0,0
1353,358,711216631,651.8048831944736,0,1
1354,359,2326631202,1113.296385854133,0,0
1355,360,505433014,917.2518696340022,0,0
1356,361,429414906,455.352381528645,0,0
1357,362,60508255,764.9339969283659,0,0
1358,364,25184645,537.5133433399691,0,1
1359,365,175553932,666.8949066925626,0,1
1360,366,20467948,816.6971621577667,0,0
1361,367,917243564,219.83382642998023,0,0
1362,368,593546714,631.7895219996134,0,1
1363,369,189795889,393.6794846049142,0,0
1364,370,516737722,641.7216278616024,0,1
1365,371,1929149538,565.1109448765842,0,1
1366,372,497404180,1481.8858216785754,0,0
1367,373,14867242,386.89159722222223,0,0
1368,374,176362396,706.6556070583482,0,1
1369,376,57573169,215.59303226592223,0,0
1370,377,2191484615,960.8099999999997,0,0
1371,378,1735191102,832.2474921458514,0,0
1372,379,524836438,619.4079204421517,0,1
1373,380,96338067,840.5696371882086,0,0
1374,381,453034522,574.9045603027618,0,1
1375,383,583205235,195.42800788954636,0,0
1376,384,487275447,143.80555555555554,0,0
1377,385,237886553,801.96,0,0
1378,386,551894180,179.61329634033558,0,0
1379,387,516669107,660.462425231613,0,1
1380,388,416194495,692.2550934911102,0,1
1381,389,234715592,433.3772195201371,0,0
1382,390,856270100,863.8054320987656,0,0
1383,391,1890978697,694.6211538733139,0,1
1384,392,25484842,260.7030331042676,0,0
1385,393,769985,411.0395692286258,0,0
1386,394,178507135,814.0209395409302,0,0
1387,395,1972385126,682.8992984940022,0,1
1388,396,222374256,617.4000406222099,0,1
1389,397,601256893,210.65460752148545,0,0
1390,398,71582266,191.26828045840838,0,0
1391,399,71295474,528.633243972145,0,1
1392,400,1972903574,699.3523765822499,0,1
1393,401,587271182,293.09793173253337,0,0
1394,402,1037178583,150.18663911845724,0,0
1395,403,226576785,546.9628858210573,0,1
1396,404,21289751,784.718389480946,0,0
1397,405,432377556,677.448987567803,0,1
1398,406,174354016,606.8,0,1
1399,407,164284493,740.694664772739,0,1
1400,408,1715241043,935.2756951724436,0,0
1401,409,67006908,421.4616676094801,0,0
1402,410,390972554,751.9713545680555,0,0
1403,411,117708359,343.65283974180636,0,0
1404,412,563333511,1156.299160150684,0,0
1405,413,160139625,478.5627764110762,0,0
1406,414,318661130,656.8311246581852,0,1
1407,415,209733883,442.65067584991823,0,0
1408,416,13126372,923.6413623426444,0,0
1409,417,123912727,709.5913204808719,0,1
1410,418,71366031,403.50322199192186,0,0
1411,419,529563591,264.03764921946737,0,0
1412,420,22015750,520.8800088819687,0,1
1413,421,246886628,848.50098275072,0,0
1414,422,27623289,654.8181632653061,0,1
1415,423,20139449,660.3031395664673,0,1
1416,424,1925580938,977.4959060533768,0,0
1417,425,612645350,1007.0405451889262,0,0
1418,426,806975,896.2762503289242,0,0
1419,427,528800946,849.1777300872826,0,0
1420,428,399572723,718.0422419460881,0,1
1421,429,563022345,746.8908387646512,0,1
1422,430,153094652,636.8580323417808,0,1
1423,431,529296936,601.0798345817444,0,1
1424,432,291314239,1354.3510848126232,0,0
1425,433,378009515,0.0,0,0
1426,434,216764338,577.5552935229439,0,1
1427,435,1059054242,599.5163221165938,0,1
1428,436,1137300811,392.0382971729126,0,0
1429,437,450891761,721.1390802463912,0,1
1430,438,167823878,520.2154523268816,0,1
1431,439,395014721,642.3922553798179,0,1
1432,440,2273619215,665.1025686969666,0,1
1433,441,7004532,737.1262950176841,0,1
1434,442,2307118248,886.3676101209468,0,0
1435,443,111924058,887.2763052152795,0,0
1436,444,594960544,220.5135901461176,0,0
1437,445,22278466,636.8936435594177,0,1
1438,446,1736045779,446.8514631587186,0,0
1439,447,304268784,95.88888888888893,0,0
1440,448,6175692,1714.062222222222,0,0
1441,449,531442979,243.52510923175427,0,0
1442,450,183201799,945.8518965437877,0,0
1443,451,15927815,524.1827641550836,0,1
1444,452,322587980,292.91222222222217,0,0
1445,453,314922007,378.03443877551024,0,0
1446,454,1860371966,670.6310023332164,0,1
1447,455,132888488,806.8041146551852,0,0
1448,456,200293129,456.6671501597891,0,0
1449,457,2295289836,791.737840709341,0,0
1450,458,194476539,978.8017007743634,0,0
1451,459,11174562,717.1653501382458,0,1
1452,460,1124327604,353.155416012559,0,0
1453,461,353608206,533.7160584007431,0,1
1454,462,829400054,805.069339572707,0,0
1455,463,17372254,351.7533428290596,0,0
1456,464,161662393,673.3110011045412,0,1
1457,465,281623827,744.1801911653872,0,1
1458,466,503262878,870.6086839090876,0,0
1459,467,800457696,436.99061728395066,0,0
1460,468,574276150,522.5026638106224,0,1
1461,469,1042842432,722.9065659149597,0,1
1462,470,217350735,760.699433106576,0,0
1463,471,2260257427,744.1019167396807,0,1
1464,472,305551682,646.3121881244416,0,1
1465,473,2356425746,728.7278468267217,0,1
1466,474,74156552,483.0357504270328,0,0
1467,475,227055399,632.232626998901,0,1
1468,476,524809586,562.3774754274064,0,1
1469,477,486172124,750.355713468199,0,0
1470,478,1683489438,574.0959301847417,0,1
1471,479,142239909,820.1658737024222,0,0
1472,480,743284770,1068.397858607642,0,0
1473,481,412325725,387.85779876688974,0,0
1474,482,337161930,374.61463661004234,0,0
1475,483,535959372,644.8911712133851,0,1
1476,484,454318003,901.5087362857428,0,0
1477,485,18173213,621.5427823506567,0,1
1478,486,504944262,1101.8740767113893,0,0
1479,487,439972535,648.0019649181987,0,1
1480,488,621508569,0.0,0,0
1481,489,6196392,521.0153997064435,0,1
1482,490,284657297,674.5598457563977,0,1
1483,491,384753006,695.1014631540837,0,1
1484,492,523680032,462.45103942652327,0,0
1485,493,162092995,360.04788920670785,0,0
1486,494,423613846,721.7674972280452,0,1
1487,495,192101699,544.1847276202243,0,1
1488,496,86741673,723.5218853310672,0,1
1489,497,165042220,512.2316624949274,0,1
1490,498,86561552,642.8478978798859,0,1
1491,499,565292271,490.76543209876536,0,0
1492,500,633105430,526.8991670355083,0,1
1493,501,2207144936,784.6336895935235,0,0
1494,502,175335285,855.271709106077,0,0
1495,503,78845364,346.71796027273825,0,0
1496,504,502774039,999.2083081753411,0,0
1497,505,50585331,356.9863543050356,0,0
1498,507,350244854,571.4902367315099,0,1
1499,508,1897403821,619.4774539223522,0,1
1500,509,875972814,0.0,0,0
1501,510,148022818,1200.8150088370062,0,0
1502,511,417807946,0.0,0,0
1503,512,192912616,153.55555555555554,0,0
1504,513,406962616,895.8671964658909,0,0
1505,514,96586973,901.3147392976354,0,0
1506,515,169880327,779.4447308105016,0,0
1507,516,1901069808,679.258721997178,0,1
1508,517,27887098,538.8699444059712,0,1
1509,518,221690177,545.097544389026,0,1
1510,519,1126202310,220.52312522642188,0,0
1511,520,1002533372,189.06666666666663,0,0
1512,521,25085431,728.5921050441156,0,1
1513,522,986163288,743.1391396736631,0,1
1514,523,1689315170,818.8667868110133,0,0
1515,524,135441917,569.356524021348,0,1
1516,525,7527052,840.2685452957277,0,0
1517,526,84361482,570.0766637609316,0,1
1518,527,249692862,53.70666666666666,0,0
1519,528,344525772,558.2447896959477,0,1
1520,529,482131412,169.25734210794815,0,0
1521,530,547900413,767.4769342751096,0,0
1522,531,150873009,807.4358689282919,0,0
1523,532,995328134,289.5937184641225,0,0
1524,533,2324994222,819.7201875614894,0,0
1525,534,3610511,414.533597238612,0,0
1526,535,462889040,759.1155139885152,0,0
1527,537,76612795,585.4558674556214,0,1
1528,538,242301103,222.43497853971687,0,0
1529,539,118241739,0.0,0,0
1530,540,551056105,328.44888994082845,0,0
1531,541,398090733,699.6374711195128,0,1
1532,542,107193314,596.7050626813757,0,1
1533,543,995452020,519.6604256268938,0,1
1534,544,37922072,594.2003115835668,0,1
1535,546,230732954,173.66836734693882,0,0
1536,547,15788159,535.9584668140155,0,1
1537,548,574959037,956.7757359631266,0,0
1538,549,599895538,713.4803674144821,0,1
1539,550,497302053,788.8763865350136,0,0
1540,551,936902059,409.58849106403693,0,0
1541,552,14962822,1047.4519356129717,0,0
1542,553,109848907,597.6253712775721,0,1
1543,554,17671779,937.5064461111076,0,0
1544,555,8029522,447.3202625345755,0,0
1545,556,150183040,835.1626514684882,0,0
1546,557,435269515,700.3431217630855,0,1
1547,558,495507361,0.0,0,0
1548,559,3888491,431.79346648287003,0,0
1549,560,151289371,659.1682486737793,0,1
1550,561,63822625,649.4653180894097,0,1
1551,562,21622362,826.3688834129641,0,0
1552,563,500246041,585.7725803224888,0,1
1553,564,557215750,0.0,0,0
1554,565,265529493,579.2698412698412,0,1
1555,566,2229081645,780.9331856773719,0,0
1556,568,239565588,865.8288019712651,0,0
1557,569,242123621,548.9910707986899,0,1
1558,570,596540298,226.31746031746033,0,0
1559,571,5820222,608.5294134400233,0,1
1560,572,597381176,476.5077685950413,0,0
1561,573,22015162,496.45176820435,0,0
1562,574,329103684,1073.3304076622126,0,0
1563,575,406907214,352.1031687409478,0,0
1564,576,545269203,967.24,0,0
1565,577,9993142,399.9810380905303,0,0
1566,578,2156476916,602.2153494541374,0,1
1567,579,519445792,862.369046649441,0,0
1568,580,564336147,972.4460249472785,0,0
1569,581,47081262,513.4653565129756,0,1
1570,582,335832794,809.4441330268263,0,0
1571,583,493941903,702.8319674556212,0,1
1572,584,56697655,661.6824082411263,0,1
1573,585,409118790,462.8903759202595,0,0
1574,586,111628975,865.3149164140339,0,0
1575,587,418584043,598.4990161353796,0,1
1576,588,16957615,584.7066209208186,0,1
1577,589,835763546,386.6772959183674,0,0
1578,590,16093829,324.3070424208765,0,0
1579,592,2275686336,756.5812621560901,0,0
1580,594,424920096,630.3824062901633,0,1
1581,595,964996225,735.8980722129429,0,1
1582,596,228306355,620.4299596124516,0,1
1583,597,116190007,634.1872438529674,0,1
1584,598,1032386005,327.07809523809516,0,0
1585,599,14391096,657.0165191260666,0,1
1586,600,197347453,1308.3498421307604,0,0
1587,601,69892452,612.5736339461209,0,1
1588,602,1004883073,666.9007343024207,0,1
1589,603,157604170,815.9912159737904,0,0
1590,604,405140479,321.52613412228794,0,0
1591,605,214172784,246.9765210744845,0,0
1592,606,428261162,825.7716246557296,0,0
1593,607,15271419,509.82728735641314,0,1
1594,608,557910814,878.4579193405481,0,0
1595,609,971643848,9.555555555555557,0,0
1596,610,292912980,649.7050432551175,0,1
1597,611,566057640,868.7606033082758,0,0
1598,612,409297732,326.8144594939369,0,0
1599,613,544470195,662.9979394811039,0,1
1600,614,2321395147,461.4340694992348,0,0
1601,615,2204112777,811.4358633609361,0,0
1602,616,1963501656,1032.671641806669,0,0
1603,617,2355847777,789.6474566075012,0,0
1604,618,125622122,309.2243338842975,0,0
1605,619,1037384052,443.1368380775782,0,0
1606,620,567155716,516.6271198038703,0,1
1607,621,502037826,567.6249153714472,0,1
1608,622,96737211,645.2759515570933,0,1
1609,623,563067334,1112.9867971598512,0,0
1610,624,227817668,373.55555555555566,0,0
1611,625,2347555622,930.1237634713376,0,0
1612,626,158859711,785.9022863751812,0,0
1613,627,117755159,664.3799698379142,0,1
1614,628,163075114,818.6223926361981,0,0
1615,629,163025432,228.4456948531261,0,0
1616,630,1003664215,151.04822664359858,0,0
1617,631,494006512,642.2311858122879,0,1
1618,632,558489220,1036.057679718489,0,0
1619,633,611635572,597.0742304712629,0,1
1620,634,1010619756,689.6543209876544,0,1
1621,635,466712165,668.1595082260699,0,1
1622,636,433627975,265.7155555555556,0,0
1623,637,163425928,581.8814682333825,0,1
1624,638,186940042,720.8800778936264,0,1
1625,639,450054622,439.48049752445365,0,0
1626,640,14721932,600.2701911154647,0,1
1627,641,433546930,611.7824665220015,0,1
1628,642,24255637,280.5995453251012,0,0
1629,643,402955893,164.53282828282832,0,0
1630,644,496144150,563.1054350966515,0,1
1631,645,435327100,651.9183673469389,0,1
1632,646,16484437,812.1429570179657,0,0
1633,647,383292062,250.03095894004986,0,0
1634,648,15888676,820.4208646512262,0,0
1635,649,268773741,272.1135003906016,0,0
1636,650,2269218732,941.5555555555555,0,0
1637,651,152644666,1051.0746533524884,0,0
1638,652,382247829,652.0725903367587,0,1
1639,653,361097511,351.8219702215016,0,0
1640,654,1189056510,0.0,0,0
1641,655,452726181,567.3152937633523,0,1
1642,656,20849470,885.848525616716,0,0
1643,657,26621229,967.460396983726,0,0
1644,658,229875064,873.4897959183673,0,0
1645,659,490625409,196.88888888888886,0,0
1646,660,589834497,699.1914626396405,0,1
1647,661,136692380,271.32739792837424,0,0
1648,662,452814756,655.1480080302357,0,1
1649,663,1730251326,701.9668505363127,0,1
1650,664,308151060,510.0967987954849,0,1
1651,665,408087080,490.1552333333333,0,0
1652,666,15836275,623.1914223130367,0,1
1653,667,475246008,215.922958897534,0,0
1654,668,295168932,652.3155347708544,0,1
1655,669,108557681,455.684443975066,0,0
1656,670,573300206,685.3929027619059,0,1
1657,671,195322597,464.563629373318,0,0
1658,672,2235431615,770.7027564159871,0,0
1659,673,971576125,483.3690890485891,0,0
1660,674,328706026,243.70771042646703,0,0
1661,675,542451912,537.6689120618996,0,1
1662,676,295961505,1048.7228022195798,0,0
1663,677,982676647,962.861645364028,0,0
1664,678,538287562,418.5121700722857,0,0
1665,679,593012958,706.0218802798233,0,1
1666,680,368579486,627.0555726548339,0,1
1667,681,130766020,476.47149287006835,0,0
1668,682,21345227,343.33467375417337,0,0
1669,683,2007021,462.4549248579808,0,0
1670,684,60340425,310.30341695501727,0,0
1671,685,841859053,671.9549305555556,0,1
1672,686,627845498,651.1949785799414,0,1
1673,687,62017536,634.0001562280305,0,1
1674,688,185738361,645.7117824691369,0,1
1675,689,1133943835,560.1137409598947,0,1
1676,690,14300066,885.2031903831323,0,0
1677,691,14807739,524.5294011659412,0,1
1678,692,84596057,1088.7103749413916,0,0
1679,693,1125217129,710.1043143535379,0,1
1680,694,138438793,430.0682570121218,0,0
1681,695,51015996,284.53565237107324,0,0
1682,696,731429204,380.44386911789513,0,0
1683,697,2288867162,505.0535139900503,0,1
1684,698,2236885646,868.0688264352368,0,0
1685,699,208388521,824.4912996684982,0,0
1686,700,595539789,639.1492347160354,0,1
1687,701,232165741,866.249559179622,0,0
1688,702,567056353,690.2020459252052,0,1
1689,703,2157249587,656.3552764320318,0,1
1690,704,548605379,744.3042800788954,0,1
1691,705,819790166,718.2904040404039,0,1
1692,706,503051163,422.4727153188692,0,0
1693,707,450747981,736.8118183620862,0,1
1694,708,560657748,827.7241743167672,0,0
1695,709,499717759,202.8954246516775,0,0
1696,710,536512353,819.089035063061,0,0
1697,711,364776732,552.5551841648812,0,1
1698,712,226964193,922.157926873698,0,0
1699,713,464014539,909.2925199537912,0,0
1700,714,16649872,550.7563766852945,0,1
1701,715,21959183,365.42273132288835,0,0
1702,716,724632068,364.6709908431677,0,0
1703,717,2316340358,969.6921160936516,0,0
1704,718,706819428,365.31591458937277,0,0
1705,719,2238512887,662.273619975666,0,1
1706,720,184475850,853.9313973854024,0,0
1707,722,1030992019,479.24436571353465,0,0
1708,723,450630648,1074.1210399449035,0,0
1709,724,153288354,990.6152510986464,0,0
1710,725,614249086,122.0,0,0
1711,726,407689676,600.4307999954775,0,1
1712,727,1119028134,935.1675205061447,0,0
1713,728,242064566,84.75999999999998,0,0
1714,729,152742559,827.7862306251271,0,0
1715,730,233032914,777.8993992199705,0,0
1716,731,332699729,407.0909023649096,0,0
1717,732,211904475,301.1234851882608,0,0
1718,733,56662794,277.4438775510204,0,0
1719,734,154267358,983.7803865181077,0,0
1720,735,383825758,106.16756655099616,0,0
1721,736,568955495,248.1451597099745,0,0
1722,737,439875805,418.4971301020408,0,0
1723,738,594683175,730.7607467116818,0,1
1724,739,14265485,355.347646234335,0,0
1725,740,2353354449,555.8015959894806,0,1
1726,741,27372659,770.5477806265262,0,0
1727,742,408466988,685.1093197278911,0,1
1728,743,428384851,398.887332447772,0,0
1729,744,222617763,1086.0777277421944,0,0
1730,745,396515695,420.22297939465636,0,0
1731,746,329008715,717.4399999999997,0,1
1732,747,955966339,444.02087669094703,0,0
1733,748,279139861,705.1660354750819,0,1
1734,749,2248762537,979.642154446091,0,0
1735,750,14307043,605.0249462467182,0,1
1736,751,155845161,708.7564843270001,0,1
1737,752,2352634238,838.6686638601732,0,0
1738,753,72149178,896.6014598661721,0,0
1739,754,512362882,730.6740128558309,0,1
1740,756,481994964,590.288248923565,0,1
1741,757,16002194,635.0493836856112,0,1
1742,758,1090138922,94.9783950617284,0,0
1743,759,483227930,453.390039393396,0,0
1744,760,977265403,519.8842975206611,0,1
1745,761,249122012,364.85775648217276,0,0
1746,762,568841497,497.12781040473277,0,0
1747,763,433319326,0.0,0,0
1748,764,415021649,311.7075736961451,0,0
1749,765,321266890,658.9380348510168,0,1
1750,766,765311754,1104.1056819979187,0,0
1751,767,834141984,615.9251298152398,0,1
1752,768,2311184364,955.45541806169,0,0
1753,769,2260634148,900.7939494044696,0,0
1754,770,133447001,522.2643585386319,0,1
1755,771,2184985344,203.18480346076552,0,0
1756,772,234655327,640.0907420210765,0,1
1757,773,233287464,943.1805954254944,0,0
1758,774,461010838,629.3116283332648,0,1
1759,775,106456147,367.6837884388449,0,0
1760,776,31102741,267.68726176408444,0,0
1761,777,832044601,81.55555555555556,0,0
1762,778,418762910,841.3318772669348,0,0
1763,779,471203497,329.98777255551926,0,0
1764,780,91696007,355.65822904858584,0,0
1765,781,15530118,135.89,0,0
1766,782,217533156,401.4941744886367,0,0
1767,783,344780239,730.7959498905063,0,1
1768,784,469128515,872.6704971174902,0,0
1769,785,151607467,473.72602499823455,0,0
1770,786,505959713,932.5640703953256,0,0
1771,787,219404734,700.7074056429277,0,1
1772,788,413917055,536.5345553134346,0,1
1773,789,485265056,545.1887516183278,0,1
1774,790,517625408,670.378698224852,0,1
1775,791,75777355,872.1302315761293,0,0
1776,792,397629967,699.1175173282924,0,1
1777,793,331875962,663.255429610822,0,1
1778,794,974558708,251.14920132758988,0,0
1779,795,197323804,768.6609730578112,0,0
1780,796,2325931652,572.4106275602753,0,1
1781,797,279211405,216.57339695137318,0,0
1782,798,118024286,459.3391591743627,0,0
1783,799,163354973,708.7335684077552,0,1
1784,800,18065895,559.6741134093459,0,1
1785,801,61198155,620.0469159067927,0,1
1786,802,2245115129,663.345047265536,0,1
1787,803,1031110604,619.6221209408715,0,1
1788,804,14709812,571.9596236969945,0,1
1789,805,23749423,733.9896718566841,0,1
1790,806,26135125,874.2358248759307,0,0
1791,807,225045616,791.484378842149,0,0
1792,808,185178011,85.0933333333333,0,0
1793,809,1886647662,577.9164787576761,0,1
1794,810,422830732,131.55555555555554,0,0
1795,811,787115406,771.8715294662958,0,0
1796,812,55819049,564.8794865905168,0,1
1797,813,2290175136,1048.323651355394,0,0
1798,814,5856182,544.7648839281816,0,1
1799,815,374062715,322.7256509695291,0,0
1800,816,39748948,323.668826956122,0,0
1801,817,2237387860,688.1881861697902,0,1
1802,818,538783005,967.531218207565,0,0
1803,819,236449587,597.9468601623382,0,1
1804,820,209439268,354.79298989175624,0,0
1805,821,603836322,846.5518940037372,0,0
1806,822,388348486,639.7798998549267,0,1
1807,823,53400463,527.4526754187094,0,1
1808,824,295578583,485.8426942738553,0,0
1809,825,947759960,44.58333333333334,0,0
1810,826,24663107,767.7191782266719,0,0
1811,827,405418046,1248.2861527642415,0,0
1812,828,108148833,1002.0011094504621,0,0
1813,829,38972677,458.4639846041826,0,0
1814,830,14443013,1073.4035109069137,0,0
1815,831,2347977979,512.7920819841022,0,1
1816,832,171691600,764.3989158955791,0,0
1817,833,554242271,615.363890972615,0,1
1818,834,610896066,828.8716861721672,0,0
1819,835,1187572176,958.4982158304497,0,0
1820,836,2166704005,913.6681245637643,0,0
1821,837,406162937,188.12897213458785,0,0
1822,838,498418001,756.0372660414055,0,0
1823,839,207490418,469.2176223493904,0,0
1824,840,589910604,585.8317287591891,0,1
1825,841,25578056,826.9396959152817,0,0
1826,842,14235705,340.1172394738038,0,0
1827,843,235303172,640.8359730887931,0,1
1828,844,24197313,760.0668900995336,0,0
1829,845,1705187497,507.14225850281264,0,1
1830,846,28313453,498.3919872349301,0,0
1831,847,410044683,201.2878980757189,0,0
1832,848,184812764,789.6633808010961,0,0
1833,849,539977804,662.71388782947,0,1
1834,850,208147488,1439.6571119537005,0,0
1835,851,183760147,315.71832586437637,0,0
1836,852,599940695,166.00277443148158,0,0
1837,853,152232092,775.9368262776977,0,0
1838,854,2285966798,929.2893107799573,0,0
1839,856,201012406,551.9972966647716,0,1
1840,857,574566147,953.1628626633142,0,0
1841,858,508397359,663.6992598023896,0,1
1842,859,282523842,368.5266486732569,0,0
1843,860,259934562,460.0492056677451,0,0
1844,861,982398253,493.55555555555566,0,0
1845,862,369537903,819.2105167508175,0,0
1846,863,571446535,598.8858859801445,0,1
1847,864,183959464,736.3933942860427,0,1
1848,865,469454275,192.56776484141147,0,0
1849,866,178165647,837.7804323208148,0,0
1850,867,417833332,299.5858857704302,0,0
1851,868,156039467,510.83735254943434,0,1
1852,869,379114417,637.99729107654,0,1
1853,870,180573776,642.3748111429321,0,1
1854,871,504803459,982.6566839753655,0,0
1855,872,75270480,369.34976586888666,0,0
1856,873,1727495887,823.6729410252298,0,0
1857,874,870391651,590.9832638888888,0,1
1858,875,150307637,1030.8117073990884,0,0
1859,876,2174730115,784.4279092188516,0,0
1860,877,574488060,415.88741953843237,0,0
1861,878,21634018,1188.500941828255,0,0
1862,879,2283613500,926.1631095053164,0,0
1863,880,27636956,529.9777587895611,0,1
1864,881,437363242,628.9280591625907,0,1
1865,882,587569514,696.1773851238905,0,1
1866,883,470232795,419.3313363496417,0,0
1867,884,54864334,515.6885555556648,0,1
1868,885,81218261,882.9955555555556,0,0
1869,886,501128285,555.5385672319081,0,1
1870,887,288148846,583.1109601689113,0,1
1871,888,417770099,606.7563729212993,0,1
1872,889,19557634,437.955886154768,0,0
1873,890,1151295038,304.36033950617286,0,0
1874,891,470227974,708.9244228339563,0,1
1875,892,118197667,619.4688628976141,0,1
1876,893,2259016411,597.9852872713464,0,1
1877,894,439062828,162.42653274482427,0,0
1878,895,22936398,990.3275881991092,0,0
1879,896,420995289,265.46204933465424,0,0
1880,897,858190442,540.7542143326758,0,1
1881,898,404987270,462.9721508838038,0,0
1882,899,176688197,541.9046769259867,0,1
1883,900,962847698,257.29283501365256,0,0
1884,901,262100774,661.4215309783807,0,1
1885,902,438760662,577.9329786889792,0,1
1886,903,296876973,633.8520659586392,0,1
1887,904,485384525,667.76671467368,0,1
1888,905,198249025,979.2485741538363,0,0
1889,906,196179205,535.400888690616,0,1
1890,907,479725767,890.667729276026,0,0
1891,908,273686840,236.89851571714107,0,0
1892,909,107991930,473.9669421487604,0,0
1893,910,95452901,302.38699542240806,0,0
1894,911,104754590,406.6989845297973,0,0
1895,912,529668737,536.315625263928,0,1
1896,913,592579646,154.87029123067506,0,0
1897,914,56336047,879.8160019517618,0,0
1898,915,191365906,433.93206698746025,0,0
1899,916,885222252,748.2783746670691,0,1
1900,917,989622720,172.1044628099173,0,0
1901,918,365622635,251.61809535385655,0,0
1902,919,407101499,566.2144613516238,0,1
1903,920,33747826,484.7256235827665,0,0
1904,921,9564632,691.9230080846553,0,1
1905,923,149278846,278.11019283746555,0,0
1906,924,22812325,747.8373702422145,0,1
1907,925,420253558,608.0926315789474,0,1
1908,926,964327405,142.95999999999995,0,0
1909,927,333960904,946.5069590444084,0,0
1910,928,1977477584,764.516635863529,0,0
1911,929,27762544,696.5958380414313,0,1
1912,930,191781461,481.88455782312934,0,0
1913,931,208913421,607.217092224985,0,1
1914,932,862114981,469.16563950029746,0,0
1915,933,540803768,554.3716952639066,0,1
1916,934,616973273,735.4997359112665,0,1
1917,935,14290542,876.95188832983,0,0
1918,936,216305430,589.4708259545497,0,1
1919,937,15809964,640.6603545892846,0,1
1920,938,71336448,510.2526421756836,0,1
1921,939,167848621,203.24733523814243,0,0
1922,940,913455692,639.8645190520083,0,1
1923,941,516091870,1000.7010188568784,0,0
1924,942,205218909,657.7627374818337,0,1
1925,943,486111271,862.6910416636846,0,0
1926,944,264133279,260.53514739229024,0,0
1927,945,428434740,1053.0215585960736,0,0
1928,946,464858061,325.41931281143366,0,0
1929,947,471422290,698.5494505494505,0,1
1930,948,197336556,782.8288406749948,0,0
1931,949,2168701743,1171.8419111082774,0,0
1932,950,541037205,486.4909977692176,0,0
1933,951,215533065,514.5299504436507,0,1
1934,952,226315121,828.2078308726018,0,0
1935,953,481632109,92.66666666666669,0,0
1936,954,968446106,649.8587534626038,0,1
1937,955,509056809,316.77180650136194,0,0
1938,956,953315216,412.1108888295742,0,0
1939,957,215982940,716.8648956993603,0,1
1940,958,91866745,830.7743219891015,0,0
1941,959,204299339,454.0601601743583,0,0
1942,960,191391803,268.023121062448,0,0
1943,961,22638250,635.3484471163263,0,1
1944,962,2225775155,904.9449021606978,0,0
1945,963,220602388,514.5976767531064,0,1
1946,964,1070682204,184.88664399092968,0,0
1947,965,2267991852,819.0233177854348,0,0
1948,966,557270190,768.8907276873255,0,0
1949,967,567591601,688.1364580411686,0,1
1950,968,461425627,651.315932654033,0,1
1951,969,149421076,589.0670809059006,0,1
1952,970,401423776,324.8004826602404,0,0
1953,971,434826176,273.68101898389006,0,0
1954,972,19406030,704.9476411631397,0,1
1955,973,722825599,383.21164463641975,0,0
1956,974,220934062,797.7691407710223,0,0
1957,975,483910950,834.7660281953023,0,0
1958,976,215443582,798.5789414099705,0,0
1959,977,8933252,602.7319360134089,0,1
1960,978,612924270,140.21219135802468,0,0
1961,979,451033303,740.5600864953215,0,1
1962,980,51150318,225.32833883656997,0,0
1963,981,487969309,547.8769693850579,0,1
1964,982,914725128,891.0259888888891,0,0
1965,983,1925081953,995.2171749316707,0,0
1966,984,165751518,625.7519857250392,0,1
1967,985,588147020,0.0,0,0
1968,986,419617600,632.6229369354736,0,1
1969,987,296999433,717.2054470637236,0,1
1970,988,283521316,595.4880300244987,0,1
1971,989,59402800,654.441601222908,0,1
1972,990,278618602,688.194134791554,0,1
1973,991,17949945,516.733188397419,0,1
1974,992,451370524,831.7572473718786,0,0
1975,993,1091884188,290.21,0,0
1976,994,259160079,557.2042928093892,0,1
1977,995,115955798,403.28678014049825,0,0
1978,996,2160196098,708.0012836766533,0,1
1979,997,19600027,402.14010024847687,0,0
1980,998,228056042,458.40926583180845,0,0
1981,999,396898731,444.33261803705415,0,0
